,Tweet,Target,Stance,Opinion Towards,Sentiment,Tweet Id
0,लोग कह रहे हैं कि स्कूल बंद होने से बच्चों के पास सुरक्षित ठिकाना नहीं रहेगा। बड़ी सभाएँ कोरोनावायरस से सुरक्षित नहीं हैं। कोरोनावायरस सुरक्षित नहीं है।,school_closures,FAVOR,"1.  The tweet explicitly expresses opinion about the target, a part of the target, or an aspect of the target.",neg,1237584693349847040
1,यदि आप बेसबॉल के पहले सप्ताह तक नहीं पहुंच सकते हैं तो आप स्कूल कैसे खोल सकते हैं?,school_closures,FAVOR,"1.  The tweet explicitly expresses opinion about the target, a part of the target, or an aspect of the target.",neg,1287775308410769408
2,"@CDCDirector रॉबर्ट रेडफील्ड के इस्तीफा देने का समय आ गया है। वह अपने ही पोते-पोतियों की जान कुर्बान करने को तैयार है। उन्होंने @GMA पर बस इतना ही कहा
#स्कूल फिर से खुल रहा है",school_closures,FAVOR,"1.  The tweet explicitly expresses opinion about the target, a part of the target, or an aspect of the target.",neg,1285911248249524226
3,पियरलैंड आईएसडी का दावा है कि स्कूल बच्चों के लिए सुरक्षित हैं लेकिन सुपरिंटेंडेंट जॉन केली घर से काम कर रहे हैं: क्रोध:,school_closures,FAVOR,2. The tweet does NOT expresses opinion about the target but it HAS opinion about something or someone other than the target.,neg,1283861872425476097
4,"@thehill @FLOTUS सू... स्कूल खोलें ताकि बच्चे कीटाणुओं के बारे में पागल हो सकें और संभावित आजीवन हानिकारक प्रभावों के साथ कोरोनोवायरस को जोखिम में डाल सकें और बड़े परिवार को बीमार होने का जोखिम उठा सकें, ताकि वे बच्चे के स्नातक होने से पहले मर सकें? क्या यह ऐसे ही कार्य करता है?",school_closures,FAVOR,"1.  The tweet explicitly expresses opinion about the target, a part of the target, or an aspect of the target.",neg,1281284929091846144
5,"स्कूल एक इंच बर्फ के लिए बंद हो जाते हैं या जब फ्लू का मौसम घर पर बहुत सारे छात्रों को बीमार कर देता है, लेकिन वे तब तक खुले रहना चाहते हैं जब तक कि इमारत में एक पुष्टिकृत COVID-19 मामला सामने नहीं आता? ऐसा लगता है कि स्कूलों को शिक्षित करने की जरूरत है। :face_with_rolling_eyes:: क्रोध:",school_closures,FAVOR,"1.  The tweet explicitly expresses opinion about the target, a part of the target, or an aspect of the target.",neg,1237480674375929857
6,@MmusiMaimane पर अपमान किया गया और असुरक्षित परिस्थितियों में स्कूलों को फिर से नहीं खोलने के आह्वान का समर्थन करने के लिए हमें साइबर धमकी दी गई। तुम सब एक भ्रमित गुच्छा हो। ईमानदारी से।,school_closures,FAVOR,"1.  The tweet explicitly expresses opinion about the target, a part of the target, or an aspect of the target.",neg,1283343813227020290
7,"@AprilDRyan ट्रम्प ने कहा कि उन्हें अपने किसी भी बच्चे को अमेरिकी प्राथमिक विद्यालय में जाने देने में कोई समस्या नहीं होगी, हालांकि एरिक को क्लासवर्क में मदद की आवश्यकता हो सकती है। #स्कूल #स्कूल फिर से खुल रहे हैं",school_closures,FAVOR,"1.  The tweet explicitly expresses opinion about the target, a part of the target, or an aspect of the target.",pos,1286148950609797120
8,"हमारे तीन बच्चे वैक्सीन आने तक फिजिकल स्कूल नहीं लौट रहे हैं। हमेशा की तरह व्यापार करने की कोशिश करने के बजाय दुनिया को समायोजित करने की जरूरत है। हम विज्ञान का पालन कर रहे हैं, एजेंडा नहीं।
#ट्रंप वायरस",school_closures,FAVOR,"1.  The tweet explicitly expresses opinion about the target, a part of the target, or an aspect of the target.",neg,1283835405285171201
9,यह एक सच्ची उपहास है कि हम महामारी के दौरान सटीक जानकारी के लिए अपनी सरकार पर भरोसा नहीं कर सकते। लोग शिक्षित निर्णय कैसे लेते हैं? ट्रम्प और भी अधिक क्रोधित माता और पिता पैदा कर रहे हैं #notmykid #BlueWave #HeroesAct #COVID19 #TrumpFailedAmerica,school_closures,FAVOR,2. The tweet does NOT expresses opinion about the target but it HAS opinion about something or someone other than the target.,neg,1283820724860461056
10,उन्हें नायक कहना बंद करें और उनकी मदद करें। अमेरिकी शिक्षकों को मरना नहीं चाहिए। #TeacherSafetyIsEssential,school_closures,FAVOR,"1.  The tweet explicitly expresses opinion about the target, a part of the target, or an aspect of the target.",neg,1286258880608194561
11,@ChrisMurphyCT @ChrisMurphyCT क्या आप कृपया @GovNedLamont के साथ इस बिंदु को स्पष्ट कर सकते हैं? हम इस तरह स्कूल दोबारा नहीं खोल सकते।,school_closures,FAVOR,"1.  The tweet explicitly expresses opinion about the target, a part of the target, or an aspect of the target.",neg,1284208959713431554
12,"2020: जिस वर्ष राष्ट्रपति ने हमसे बच्चों और शिक्षकों का बलिदान करने का आग्रह किया ताकि वह उम्मीद से शेयर बाजार को कुछ बिंदुओं पर आगे बढ़ा सकें, जिससे वह नौकरी से नफरत करने की संभावना को थोड़ा बढ़ा सकें।

#स्कूल फिर से खुल रहा है #स्कूल फिर से खुल रहा है",school_closures,FAVOR,"1.  The tweet explicitly expresses opinion about the target, a part of the target, or an aspect of the target.",neg,1282806114787176458
13,"@ResisterDude @GovLarryHogan बॉय आप ""स्पॉट ऑन"" हैं !! DeSantis का सिर अभी तक ट्रम्प के $$ तक है, वह स्कूलों को खोलने के लिए मजबूर करने की वास्तविकता को नहीं देख सकता है: भ्रमित :: रोष :: face_with_hand_over_mouth::see_no_evil:
#RonDeathSantis
#RonDeSantisResign",school_closures,FAVOR,"1.  The tweet explicitly expresses opinion about the target, a part of the target, or an aspect of the target.",neg,1283743727404617728
14,"@donwinslow @PressSec हम सभी चाहते हैं कि स्कूल खुलें, लेकिन हम चाहते हैं कि यह तब हो जब यह सुरक्षित हो। यह अब सुरक्षित नहीं है।",school_closures,FAVOR,"1.  The tweet explicitly expresses opinion about the target, a part of the target, or an aspect of the target.",other,1283874601986953216
15,"भाई मुझे बच्चों को कोरोना वायरस होने की परवाह नहीं है, मुझे डर है कि वे इसे किसके लिए फैलाने जा रहे हैं।",school_closures,FAVOR,"1.  The tweet explicitly expresses opinion about the target, a part of the target, or an aspect of the target.",neg,1237479761288540161
16,स्कूलों से बहुत सारे मामले आ रहे हैं और बहुत से अन्य लोग संक्रमित हो रहे हैं क्या वे चाहते हैं कि हम मर जाएं स्कूल बंद हो जाए अब स्कूल बंद हो जाए या हम सब मरने वाले हैं :sob::sob::sob::sob::sob :: सोब :: सोब :: सोब :: सोब :: सोब:,school_closures,FAVOR,"1.  The tweet explicitly expresses opinion about the target, a part of the target, or an aspect of the target.",neg,1283316605804478464
17,"इसलिए यूरोपीय संघ गैर-आवश्यक यात्रा पर प्रतिबंध लगाता है, बार, रेस्तरां, स्कूल और उनमें से आधे को बंद कर देता है। यूके बस अपने व्यवसाय के बारे में अपरिहार्य की प्रतीक्षा कर रहा है। हम गंदगी में समाप्त हो जाएंगे।
#covidー19uk
#coronapocolypse
#COVID-19",school_closures,FAVOR,"1.  The tweet explicitly expresses opinion about the target, a part of the target, or an aspect of the target.",neg,1239574307098984449
18,मेरा स्कूल केवल लंच टेबल को शुद्ध पानी से धोता है; और कुछ नहीं। कोरोनावायरस पाने का तेज़ और कुशल तरीका।,school_closures,FAVOR,"1.  The tweet explicitly expresses opinion about the target, a part of the target, or an aspect of the target.",neg,1237530503781089280
19,"@murrayparkderby कोरोनावायरस इस देश पर एक बड़ा प्रभाव डालने जा रहा है, मेरा मानना ​​है कि अगर हम अपने बच्चों की सुरक्षा चाहते हैं तो हमें अगली सूचना तक स्कूलों को अस्थायी रूप से बंद करने की आवश्यकता है। मेरे दो बच्चे शिकायत कर रहे हैं और मैं शांत नहीं बैठ सकता और कुछ नहीं कर सकता",school_closures,FAVOR,"1.  The tweet explicitly expresses opinion about the target, a part of the target, or an aspect of the target.",other,1237513994035851265
20,"अगस्त में F2F के लिए खुलने वाला कोई भी जिला अपने शैक्षणिक मिशन के बयान का वर्णन करने के लिए कभी भी ""डेटा संचालित"" शब्द का उपयोग नहीं करता है, यदि वे हमें घर पर रहने के लिए कह रहे डेटा की भारी मात्रा को अनदेखा करना चुनते हैं। #स्कूल फिर से खुल रहा है #COVID19",school_closures,FAVOR,"1.  The tweet explicitly expresses opinion about the target, a part of the target, or an aspect of the target.",neg,1284238964447227905
21,"मुझे आश्चर्य है कि अगर @realDonaldTrump, @BetsyDeVosED और @IngrahamAngle स्कूलों के पूरी तरह से खुलने के खतरों के बारे में अपना विचार बदल देंगे, अगर वे स्कूलों के हॉल में चलने वाले और डेकेयर में गीत मंडलियों में बैठे थे # COVID19",school_closures,FAVOR,"1.  The tweet explicitly expresses opinion about the target, a part of the target, or an aspect of the target.",neg,1283355232710393870
22,"@realDonaldTrump @GavinNewsom
हम चाहते हैं कि इस शरद ऋतु में हमारे स्कूल खुलें। समाचार!
राजनीतिक खेल खेलना बंद करो, टमटम यूपी के डेमोक्रेट राजनेता हैं!
भ्रष्ट लोकतांत्रिक नेतृत्व।
यही कारण है कि लोग डेमोक्रेट पार्टी के छल-कपट के कारण डेमोक्रेटिक पार्टी से दूर जा रहे हैं!",school_closures,FAVOR,"1.  The tweet explicitly expresses opinion about the target, a part of the target, or an aspect of the target.",neg,1280962692333727745
23,"@DrEricDing अधिकांश राज्यों में जल्दी से फिर से खोलने के लिए मजबूर होने से पहले स्कूल को 2 सप्ताह से कम समय देने के लिए यह वास्तव में अनुचित है। परिवर्तनों की अतिरिक्त लागतों के साथ सहायता के लिए अभी तक धन प्राप्त नहीं हुआ है।
#स्कूल फिर से खुल रहा है",school_closures,FAVOR,"1.  The tweet explicitly expresses opinion about the target, a part of the target, or an aspect of the target.",neg,1283912630307115012
24,"इसलिए जबकि @GovMikeDeWine मांग करता है कि ओहायो के स्कूल भवन महामारी के बीच में अगले महीने फिर से खुलेंगे और मामले संख्या नियंत्रण से बाहर हो जाएगी, @senrobportman स्कूलों के लिए मजबूत दायित्व सुरक्षा के बारे में बात कर रहा है। क्या यह @OhioEA शिक्षकों के हड़ताल करने का समय नहीं है?",school_closures,FAVOR,"1.  The tweet explicitly expresses opinion about the target, a part of the target, or an aspect of the target.",neg,1285205668358696960
25,"@ mdnij34 ऐसा मत करो। जीरो लीडरशिप, एक तेजी से फैल रहा वायरस। मुझे समझ नहीं आता कि कोई भी स्कूल अब सुरक्षित रूप से कैसे खुल सकता है जब तक कि कोई टीका नहीं है।",school_closures,FAVOR,"1.  The tweet explicitly expresses opinion about the target, a part of the target, or an aspect of the target.",neg,1282494054475890689
26,"@DNCWarRoom @IMontoyaResists ऐसा कोई तरीका नहीं है जिससे मेरे 3 बच्चे पतझड़ में शारीरिक रूप से वापस स्कूल जा रहे हों। वे सभी चाहते हैं, लेकिन ट्रम्प ने जानबूझकर कोविद के प्रति हमारी प्रतिक्रिया को इतनी बुरी तरह से टाल दिया है कि स्कूलों को यथोचित रूप से अभी सुरक्षित नहीं बनाया जा सकता है।",school_closures,FAVOR,"1.  The tweet explicitly expresses opinion about the target, a part of the target, or an aspect of the target.",neg,1287739317134090240
27,"मेरे शहर के 2 स्कूलों में COVID-19 (#coronavirusuk) के 3 मामले, दोनों में इटली के उत्तर से वापस आने वाले शिक्षक शामिल हैं और कुछ भी करने से पहले लगभग एक सप्ताह तक बच्चों के साथ संपर्क में रहे।",school_closures,FAVOR,"1.  The tweet explicitly expresses opinion about the target, a part of the target, or an aspect of the target.",neg,1237478157755781121
28,"उनके लिए ""प्रो-लाइफ"" आप चाहते हैं कि मैं अपने बच्चों और खुद (शिक्षक) को ""सामान्य स्थिति"" के लिए बलिदान कर दूं। अजीब बात है कि कैसे डी पर मास्क को राजनीतिक बनाने का आरोप लगाया जाता है, जबकि ट्रम्प और इल्क ने 100k अमेरिकियों की बलि दी और अब बच्चों के लिए चुनाव जीतने / अर्थव्यवस्था बढ़ाने के लिए आ रहे हैं!",school_closures,FAVOR,"1.  The tweet explicitly expresses opinion about the target, a part of the target, or an aspect of the target.",neg,1283851046570168324
29,"@nowthisnews ये लोग रात को कैसे सोते हैं? वे न सिर्फ हमारे बच्चों को खतरे में डाल रहे हैं, बल्कि बड़े पैमाने पर उन खतरों को नजरअंदाज करने का उनका दुस्साहस परे है... हम सभी चाहते हैं कि स्कूल फिर से खुलें, लेकिन महामारी के बीच में नहीं। पहले मामलों को नियंत्रित करें फिर स्कूलों के बारे में बात करें।",school_closures,FAVOR,"1.  The tweet explicitly expresses opinion about the target, a part of the target, or an aspect of the target.",neg,1284615145054973965
30,"@BetsyDeVosED अगर आपको लगता है कि NBA और इसके बुलबुले में मौजूद सभी संसाधन कोविड को बाहर रखने में सक्षम नहीं हैं, तो आप पागल हैं, लेकिन बेहद कम फंड वाले स्कूल ऐसा करने में सक्षम होंगे।",school_closures,FAVOR,"1.  The tweet explicitly expresses opinion about the target, a part of the target, or an aspect of the target.",neg,1283843417722818561
31,गुणवत्तापूर्ण शिक्षा का अधिकार एक मौलिक अधिकार है और स्कूल इसे बेहतरीन तरीके से ऑनलाइन कर रहे हैं,school_closures,FAVOR,"1.  The tweet explicitly expresses opinion about the target, a part of the target, or an aspect of the target.",pos,1287351546745765895
32,ट्रम्प चाहते हैं कि आप उनके पुन: चुनाव के लिए स्कूल खोलकर अपने ही बच्चे को चोट पहुँचाएँ।,school_closures,FAVOR,"1.  The tweet explicitly expresses opinion about the target, a part of the target, or an aspect of the target.",neg,1284027946886365184
33,"@SnehalSolanki09 @PMOIndia @narendramodi @imBhupendrasinh @vijayrupanibjp सरकार स्कूल शिक्षकों के प्रति बहुत गैर जिम्मेदार है, हमें पिछले पांच महीनों से वेतन नहीं मिला है, ठीक है आप स्कूल नहीं खोल सकते हैं, वह भी आपके गैर-जिम्मेदार व्यवहार के कारण covid 19 लेकिन सरकार को भी समर्थन करना चाहिए स्कूलों और कोचिंगों के निजी ट्यूटर्स",school_closures,FAVOR,"1.  The tweet explicitly expresses opinion about the target, a part of the target, or an aspect of the target.",neg,1287317726432698369
34,"3) सद्तु के रूप में हम चाहते हैं कि स्कूल बंद हो जाएं क्योंकि बीमार छुट्टी के कारण अनुपस्थिति की उच्च संख्या को संबोधित करने के लिए स्थानापन्न शिक्षकों की नियुक्ति को शिक्षा विभाग द्वारा संबोधित नहीं किया गया है, जो मौजूदा स्टाफ सदस्यों पर दबाव डालता है",school_closures,FAVOR,"1.  The tweet explicitly expresses opinion about the target, a part of the target, or an aspect of the target.",neg,1283695653034569728
35,जब आपके राज्य में कोरोना वायरस है लेकिन आपके स्कूल का प्रशासन इसे बंद नहीं करेगा,school_closures,FAVOR,"1.  The tweet explicitly expresses opinion about the target, a part of the target, or an aspect of the target.",neg,1237488740458811392
36,@DiPasqualeDeb @denisewu @hsbanik @NikkiHaley @realDonaldTrump लेकिन किकर यह है कि उन्होंने COVID-19 आसमान छूने के कारण अपना सम्मेलन रद्द कर दिया लेकिन बच्चों को स्कूल भेजना ठीक है: सोच_फेस :: सोच_फेस :: सोच_फेस :: सोच_फेस:,school_closures,FAVOR,"1.  The tweet explicitly expresses opinion about the target, a part of the target, or an aspect of the target.",neg,1286745716904218629
37,"@donwinslow नो वैक्सीन - नो स्कूल, यही नीति हमेशा से रही है, सही ?? यह एक घातक महामारी है, रियलिटी शो नहीं !! मैंने अपने स्कूल डिस्ट्रिक्ट को पहले ही बता दिया है कि मेरे बच्चे कक्षा में वापस नहीं आएंगे !!",school_closures,FAVOR,"1.  The tweet explicitly expresses opinion about the target, a part of the target, or an aspect of the target.",neg,1283819757410623491
38,@ B52Malmet हमारे स्कूल या तो केवल ऑनलाइन या 2 दिनों के लिए व्यक्तिगत रूप से ऑनलाइन पूरक की पेशकश कर रहे हैं। हमने केवल अपने एचएस जूनियर के लिए ऑनलाइन चुना। अभी अभी पता चला है कि Univ. हमारे कॉलेज के छात्रों की उपस्थिति केवल ऑनलाइन होगी।,school_closures,FAVOR,"1.  The tweet explicitly expresses opinion about the target, a part of the target, or an aspect of the target.",pos,1286810740980985858
39,"@donwinslow @GovRonDeSantis इस महामारी के दौरान अपने बच्चों को स्कूल भेजने के लिए मजबूर होने पर न केवल हमें डरने के लिए कोविद -19 है, हमें ""करेन"" के बच्चों से भी डरना होगा जिन्हें मास्क पहनने की अनुमति नहीं है।",school_closures,FAVOR,"1.  The tweet explicitly expresses opinion about the target, a part of the target, or an aspect of the target.",neg,1284731475531911172
40,"@PadmaLakshmi हमेशा लोकप्रिय ""हम यहां सबसे अलग हैं!"" कोई बात नहीं शर्लक, जिन देशों ने स्कूलों को फिर से खोल दिया है, वे इस वायरस के प्रति अपनी प्रतिक्रिया को पूरी तरह से ठीक नहीं कर पाए हैं। हम सभी को #TrumpTheTwitterTwerp #notmykid को बताना होगा",school_closures,FAVOR,"1.  The tweet explicitly expresses opinion about the target, a part of the target, or an aspect of the target.",neg,1283862462656282625
41,"दूरस्थ शिक्षा पूर्ण नहीं है, लेकिन एक समय में कम विषयों पर अधिक ध्यान देने से इसमें काफी सुधार हो सकता है।

बच्चे कोविड-19 से मर सकते हैं, जैसा कि शिक्षक, स्कूल के सभी कर्मचारी और परिवार के सदस्य कर सकते हैं।

कोविड-19 दीर्घकालिक नुकसान छोड़ता है जिसके बारे में हम अभी सीख रहे हैं।",school_closures,FAVOR,"1.  The tweet explicitly expresses opinion about the target, a part of the target, or an aspect of the target.",other,1283854883242733569
42,यह तो बेवकूफ है। स्कूल को बंद करने के लिए किसी को कोरोना वायरस से संक्रमित होने की जरूरत है :face_with_rolling_eyes:,school_closures,FAVOR,"1.  The tweet explicitly expresses opinion about the target, a part of the target, or an aspect of the target.",neg,1237512857274777601
43,"COVID-19 प्रतिक्रिया पर काम करने से मुझे जो पता चला है, उसे जानने के बाद, मैं अपने बच्चों को स्कूल नहीं भेजूंगा (यदि मेरे पास कोई है) ट्रम्प हमारी वर्तमान महामारी की स्थिति के तहत मांग कर रहे हैं।",school_closures,FAVOR,"1.  The tweet explicitly expresses opinion about the target, a part of the target, or an aspect of the target.",neg,1283829219760340992
44,@BarackObama (मदद!) अगर #कोरोनावायरस 20 मिनट के दौरान एक व्यक्ति से दूसरे व्यक्ति में जा सकता है। कार की सवारी (एक अस्पताल में)। 7 घंटे में कितने बच्चे वायरस उठा सकते हैं। स्कूल का दिन? (10-20?) एक सप्ताह में कितने बच्चे और कर्मचारी बीमार होंगे? (200-500?) #कोविड19,school_closures,FAVOR,"1.  The tweet explicitly expresses opinion about the target, a part of the target, or an aspect of the target.",neg,1237322884667891712
45,@nbc10_brian @RIHEALTH @GovRaimondo अगर हम मूर्खतापूर्वक अगले महीने स्कूल फिर से खोल दें तो यह कैसा होगा।,school_closures,FAVOR,"1.  The tweet explicitly expresses opinion about the target, a part of the target, or an aspect of the target.",neg,1285998965574467585
46,"ठीक है @ScottMorrisonMP @DanielAndrewsMP अब एक छात्र @CareyBaptist का परीक्षण +ve है, आप स्कूलों को बंद करने के लिए किसका इंतजार कर रहे हैं? #ScoMoAct #AUSPMACT #9News #coronavirus #COVID19Aus #ClosetheschoolsAustralia",school_closures,FAVOR,"1.  The tweet explicitly expresses opinion about the target, a part of the target, or an aspect of the target.",other,1239027026826166272
47,छात्रों का इंतजार क्यों! हाँ! कमबख्त छात्रों! स्कूलों को बंद करने से पहले कोरोना वायरस पाने के लिए! वायरस के और फैलने से पहले स्कूल बंद कर दें!,school_closures,FAVOR,"1.  The tweet explicitly expresses opinion about the target, a part of the target, or an aspect of the target.",neg,1237483765385003008
48,कौन एक टीम के लिए ले जाएगा और हमारे स्कूल में कोरोनावायरस लाएगा?,school_closures,FAVOR,"1.  The tweet explicitly expresses opinion about the target, a part of the target, or an aspect of the target.",neg,1237481832574320642
49,@itsJeffTiedrich उस तरह के राष्ट्रपति हैं जो चाहते हैं कि एक भयानक जानलेवा महामारी के दौरान स्कूल फिर से खुल जाएं।,school_closures,FAVOR,"1.  The tweet explicitly expresses opinion about the target, a part of the target, or an aspect of the target.",neg,1284695091135737857
50,"@evanmcmurry जब हम वायरस को हरा देते हैं तो हम स्कूल खोल सकते हैं- वास्तव में आवश्यक बंद करें और 14 दिनों तक कोई नया मामला न रखें ... जितनी देर हम इसे बंद रखेंगे, आर्थिक पतन उतना ही बुरा होगा! हास्यास्पद!",school_closures,FAVOR,"1.  The tweet explicitly expresses opinion about the target, a part of the target, or an aspect of the target.",neg,1283842061674790912
51,"क्या एनवाईसी में चीजें सुस्त हो सकती हैं? मेयर डी ब्लासियो का कहना है कि इस पतझड़ में स्कूलों के बंद होने पर 80,000 बच्चों तक बच्चों की देखभाल की जाएगी। यह कहां होगा आप पूछेंगे ??? विद्यालयों में। आप इस बकवास का सपना नहीं देख सकते LOL। :खुशी: :जीभ_बाहर_बंद_आँखें अटकी:
#एनवाईसी",school_closures,FAVOR,"1.  The tweet explicitly expresses opinion about the target, a part of the target, or an aspect of the target.",neg,1284287753807638530
52,"ट्रम्प कल्ट अपने बच्चों को स्कूल भेज सकते हैं क्योंकि स्पष्ट रूप से वे स्मार्ट नहीं हैं, लेकिन स्मार्ट अमेरिकी हमारे बच्चों को सुपर स्प्रेडर स्कूलों में नहीं भेज रहे हैं। जबकि वायरस नियंत्रण से बाहर है, राजनेताओं के लिए यह उम्मीद करना बिल्कुल हास्यास्पद है!!!",school_closures,FAVOR,"1.  The tweet explicitly expresses opinion about the target, a part of the target, or an aspect of the target.",neg,1283838052180393986
53,"#कोरोनावायरस से 2 महीने में 10,000 फ्लोरिडियन मर जाएंगे। सभी क्योंकि रॉन #DeathSantis और #GOPDeathCult सार्वजनिक स्थानों पर लोगों के 6 फीट के दायरे में आने पर मास्क नहीं पहनना चाहते थे। #DesantisFailedFlorida #TrumpFailedAmerica। अब वे मेरे बच्चे को मारना चाहते हैं?",school_closures,FAVOR,"1.  The tweet explicitly expresses opinion about the target, a part of the target, or an aspect of the target.",neg,1283855223396675584
54,"शिक्षकों को अपने वर्तमान सामूहिक उत्तोलन का उपयोग करना चाहिए। वे स्पष्ट रूप से तर्क दे सकते हैं कि हमारी अर्थव्यवस्था काफी हद तक उन पर निर्भर है। कोई कारण नहीं है कि ट्रम्प और उनके जैसे लोग स्कूलों को खोलने के लिए मजबूर होंगे, जबकि #COVID19 उग्र है अगर यह सच नहीं होता। #COVID-19",school_closures,FAVOR,2. The tweet does NOT expresses opinion about the target but it HAS opinion about something or someone other than the target.,other,1282718320307863552
55,लवली मेरे स्कूल को परवाह नहीं है कि आधे स्कूल में कोरोना वायरस है जब तक हम सांस ले सकते हैं हम अभी भी स्कूल से दूर हैं: victory_hand_medium-light_skin_tone::clapping_hands_light_skin_tone:,school_closures,FAVOR,"1.  The tweet explicitly expresses opinion about the target, a part of the target, or an aspect of the target.",neg,1237527696529227776
56,केन्याई शिक्षा मंत्री ने हाल ही में घोषणा की कि केन्या में स्कूल 2021 तक बंद रहेंगे। और फिर भी SA में हमारे पास #angiemotshekga जैसे लोग हैं जो सोचते हैं कि SA स्कूली बच्चों को वायरस से पीड़ित होने से छूट दी गई है।,school_closures,FAVOR,"1.  The tweet explicitly expresses opinion about the target, a part of the target, or an aspect of the target.",neg,1283307455167045639
57,ऑनलाइन शिक्षण भी एक सेवा है और शिक्षकों को भुगतान करने की आवश्यकता है। स्कूलों को जीवित रहने की जरूरत है। ऑनलाइन शिक्षण कंप्यूटर साक्षरता और प्रवीणता बढ़ाने में मदद करता है - स्कूल और जीवन के लिए आवश्यक कौशल। आपका आदेश प्रतिगामी है।,school_closures,FAVOR,"1.  The tweet explicitly expresses opinion about the target, a part of the target, or an aspect of the target.",pos,1287343595154882561
58,"@apriestOEA तो स्टेट बोर्ड ने चिकन कर लिया। क्या यह राज्य पर मुकदमा करने का समय नहीं है? स्कूल नहीं खुलने चाहिए, अवधि! कृपया हमारी मदद करें। OEA हमारा अंतिम उपाय है। धन्यवाद।",school_closures,FAVOR,"1.  The tweet explicitly expresses opinion about the target, a part of the target, or an aspect of the target.",neg,1286360212463652869
59,"मेरा भतीजा स्कूल से अपने भौतिक विज्ञान शिक्षक के एक कथित सकारात्मक मामले की खबर के साथ वापस आया, जिसने अपनी पत्नी को भी कोविड के कारण खो दिया था।

स्कूल हमेशा की तरह चल रहा है, सामान रख रहा है :zipper__mouth_face:

स्कूलों में लौटने पर शिक्षकों और छात्रों का परीक्षण क्यों नहीं किया गया?",school_closures,FAVOR,"1.  The tweet explicitly expresses opinion about the target, a part of the target, or an aspect of the target.",neg,1283317416433459200
60,कृपया भगवान के लिए शिक्षकों के परिवारों के बारे में सोचें। थोड़ी देर के लिए सोचें कि शिक्षक ऑनलाइन कक्षाओं के लिए अपना सर्वश्रेष्ठ कैसे दे रहे हैं..स्कूल अपना सर्वश्रेष्ठ प्रदर्शन कर रहे हैं।,school_closures,FAVOR,"1.  The tweet explicitly expresses opinion about the target, a part of the target, or an aspect of the target.",pos,1287324538620059650
61,@ thomaskaine5 पहले टीका। #notmykid,school_closures,FAVOR,"1.  The tweet explicitly expresses opinion about the target, a part of the target, or an aspect of the target.",neg,1283851955555700738
62,"लोग आपको चौंका देंगे। वे चाहते हैं कि स्कूल बंद हो जाएं, सत्ता आपके हाथ में है, अपने बच्चों को स्कूल न भेजें, ऐसा करने से पहले हम क्यों बताना चाहते हैं कि स्कूल बंद हैं। अगर हर कोई अपने बच्चों को स्कूल नहीं भेजेगा तो स्कूल नहीं बनेगा।",school_closures,FAVOR,"1.  The tweet explicitly expresses opinion about the target, a part of the target, or an aspect of the target.",neg,1283313488312569857
63,अफसोस करने के बजाय सुरक्षित रहना बेहतर है। #ऑनलाइन क्लासेस एक सुरक्षित वातावरण में निरंतर सीखने की पेशकश करती हैं। स्कूलों को काम करने दें और शिक्षा प्रदान करें। ऐसे संवेदनहीन आदेशों से नष्ट करना आसान है।,school_closures,FAVOR,2. The tweet does NOT expresses opinion about the target but it HAS opinion about something or someone other than the target.,other,1287347787978309632
64,@Morningireland पर यह वास्तव में एक अच्छा बिंदु है - यदि स्कूल बंद हो जाते हैं तो क्या बुजुर्ग दादा-दादी बच्चों के प्रति चिंता करना बंद कर देंगे और उनकी भेद्यता को बढ़ा देंगे? #COVID19 @Education_Ire #COVID19ireland #FlattenTheCurve,school_closures,FAVOR,"1.  The tweet explicitly expresses opinion about the target, a part of the target, or an aspect of the target.",other,1237655639951839232
65,तो क्या पब्लिक स्कूल तब तक इंतजार करने वाले हैं जब तक छात्र कोरोना वायरस से संक्रमित नहीं होने लगते उन्हें बंद करने के लिए या...? :चेहरा_साथ_रोलिंग_आंखें: #CUNY,school_closures,FAVOR,"1.  The tweet explicitly expresses opinion about the target, a part of the target, or an aspect of the target.",neg,1237592087605862403
66,"जो कोई भी सोचता है कि प्रकोप वाले क्षेत्रों में स्कूलों को खोलना चाहिए, मैं आपको एक शिक्षक बनने के लिए आमंत्रित करता हूं और अपना पैसा वहां लगाता हूं जहां आपका मुंह है। अगले दो महीनों में काफी ओपनिंग होगी। आप प्रतिदिन केवल 40 से 300 लोगों के साथ कक्षा साझा कर रहे हैं।",school_closures,FAVOR,"1.  The tweet explicitly expresses opinion about the target, a part of the target, or an aspect of the target.",neg,1283982159779450880
67,क्या योजना डिजिटल इंडिया नहीं थी? तो अभी क्यों नहीं? आइए एक-दूसरे का समर्थन करें और इसके लिए काम करें। ऑनलाइन शिक्षण सीखने का एक अद्भुत नया अनुभव है। स्कूलों को संचालित करने की अनुमति दें #SaveOurSchools #RightToLearn @imBhupendrasinh @CMOGuj,school_closures,FAVOR,"1.  The tweet explicitly expresses opinion about the target, a part of the target, or an aspect of the target.",pos,1287343789791539200
68,मुझे संदेह है कि समुदायों को पता है कि उनके पास स्कूलों को बंद करने की शक्ति है।,school_closures,FAVOR,"1.  The tweet explicitly expresses opinion about the target, a part of the target, or an aspect of the target.",neg,1283391669778481153
69,"डरहम, उत्तरी कैरोलिना में स्कूल 3 नवंबर 2020 के आम चुनाव के बाद तक बंद रहेंगे। डरहम में डेमोक्रेट विज्ञान से इनकार करने वाले हैं।",school_closures,FAVOR,"1.  The tweet explicitly expresses opinion about the target, a part of the target, or an aspect of the target.",other,1283942787940061184
70,"@trodykeil बच्चों को आगे की पंक्तियों में भेजना जहाँ बहुत से वयस्क नहीं जाएँगे, जिसमें राजनेता भी शामिल हैं, जो इस हड़बड़ी में निर्णय लेते हैं, मछली के लिए साइकिल के रूप में बहुत मायने रखता है।",school_closures,FAVOR,"1.  The tweet explicitly expresses opinion about the target, a part of the target, or an aspect of the target.",neg,1286891864637886466
71,रद्द #GOP सम्मेलन लेकिन चाहता है कि स्कूल फिर से खुल जाएँ! रूढ़िवादी केवल खुद को बचा रहे हैं! #TrumpVirus #GestapoTrump,school_closures,FAVOR,"1.  The tweet explicitly expresses opinion about the target, a part of the target, or an aspect of the target.",neg,1286414978711465985
72,"@ मैरी रेडडेन 1 यहां तक ​​कि कुछ उपनगरीय स्कूलों में सफाई की आपूर्ति के मुद्दे हैं और माता-पिता से उन्हें वर्ष की शुरुआत में प्रदान करने के लिए कहते हैं। अधिकांश बेरोजगारों के साथ यह अस्थिर है।
#सुरक्षित रखें
#स्कूल",school_closures,FAVOR,"1.  The tweet explicitly expresses opinion about the target, a part of the target, or an aspect of the target.",neg,1287730195747807233
73,"@TrumpWarRoom @weijia फिर से खोलने के रास्ते में विज्ञान नहीं है: वायरस है! बहुत कम सबूत और डेटा क्योंकि बच्चों का इतना परीक्षण नहीं किया जाता है! वे संक्रमित हो जाते हैं या स्पर्शोन्मुख वाहक होते हैं। यूरोपीय संघ में: छोटे समूह, वैकल्पिक कक्षाएं, मास्क और हाथ धोना, 1 सितंबर से पहले नहीं।",school_closures,FAVOR,"1.  The tweet explicitly expresses opinion about the target, a part of the target, or an aspect of the target.",neg,1283853498996723714
74,स्कूलों को फिर से खोलना पागलपन की पराकाष्ठा है।,school_closures,FAVOR,"1.  The tweet explicitly expresses opinion about the target, a part of the target, or an aspect of the target.",neg,1283807111231635459
75,"फ्लोरिडा के सबसे बड़े शिक्षक संघ के अध्यक्ष फ्रेड्रिक इनग्राम ने डिसांटिस पर ""बच्चों के जीवन के साथ राजनीति करने"" का आरोप लगाया है क्योंकि वे फ्लोरिडा और देश भर में नए कोरोनोवायरस मामलों के बढ़ने के बावजूद स्कूलों को फिर से खोलने के लिए जोर दे रहे हैं।",school_closures,FAVOR,"1.  The tweet explicitly expresses opinion about the target, a part of the target, or an aspect of the target.",neg,1285585562175524864
76,स्कूल खोलना बेवकूफी है इसे बंद करो और एक UBI दे दो #notmykid,school_closures,FAVOR,"1.  The tweet explicitly expresses opinion about the target, a part of the target, or an aspect of the target.",neg,1283884344986284032
77,"#COVID19 के लिए @Harvard, @MIT और Ivy League Basketball जैसे सभी अमीर लोगों के कार्यक्रम रद्द हो रहे हैं, लेकिन सार्वजनिक क्षेत्र की सभी चीज़ें तब तक खुली रहती हैं जब तक कि बुरी खबर न आ जाए। @Google, @Microsoft, @Walmart, और @McDonalds सभी बंद हो गए हैं या सवैतनिक अवकाश की पेशकश की है।",school_closures,FAVOR,2. The tweet does NOT expresses opinion about the target but it HAS opinion about something or someone other than the target.,neg,1237551881271906305
78,"बेट्सी डेवोस एक महामारी के दौरान बच्चों को भीड़ भरे स्कूलों में जाने के लिए मजबूर करना चाहती है क्योंकि बच्चों को यह पढ़ाना कि रिपब्लिकन को परवाह नहीं है कि वे जीते हैं या मरते हैं, वह उस शिक्षा के सबसे करीब है जो वह उन्हें देने को तैयार है।",school_closures,FAVOR,"1.  The tweet explicitly expresses opinion about the target, a part of the target, or an aspect of the target.",neg,1283871270321487872
79,@MichaelSteele आपको लगता है कि वास्तव में किसी ने उसके लिए वह पंक्ति लिखी है? क्या बेवकूफी की बात करना। लेकिन मुझे लगता है कि पेंस ने सीडीसी के दिशा-निर्देशों के साथ इसकी शुरुआत की थी 'यह कारण नहीं होगा कि हम स्कूल नहीं खोलेंगे।',school_closures,FAVOR,"1.  The tweet explicitly expresses opinion about the target, a part of the target, or an aspect of the target.",neg,1283907584773230599
80,"जब तक माता-पिता अपने बच्चे (बच्चों) को एक महामारी के दौरान सुरक्षित नहीं रखना चाहते हैं, तब तक हर कोई ""प्रो-लाइफ"" है और सरकारी अधिकारी हमसे स्कूलों को फिर से खोलने की मांग करते हैं। मुझे बताओ, क्या यह ""सामान्य स्थिति में वापसी"" है जब उनके सहपाठी मरने लगते हैं?",school_closures,FAVOR,"1.  The tweet explicitly expresses opinion about the target, a part of the target, or an aspect of the target.",neg,1283834574703931392
81,"कोविड-19 से स्कूली आयु वर्ग के बच्चों की मृत्यु की स्वीकार्य मात्रा शून्य है। कोई नहीं, एक भी नहीं।",school_closures,FAVOR,"1.  The tweet explicitly expresses opinion about the target, a part of the target, or an aspect of the target.",neg,1283849721413394433
82,"@CyrilRamaphosa ने अभी-अभी घोषणा की है कि कोई दौरा नहीं होना चाहिए, लेकिन फिर भी स्कूल खुलने चाहिए, कैसे? संसद बंद है, स्कूल फिर से क्यों खुलें? सोशल डिस्टेंसिंग के बारे में छोटे बच्चे क्या समझते हैं? उनके मुखौटे पूरे समय रखें? चलो भी!!",school_closures,FAVOR,"1.  The tweet explicitly expresses opinion about the target, a part of the target, or an aspect of the target.",neg,1283330533758574592
83,ब्रिटेन में कोरोना वायरस के 373 मामलों की पुष्टि हुई है और छह लोगों की मौत हुई है। संख्या केवल बढ़ने की उम्मीद है - निश्चित रूप से सबसे सुरक्षित विकल्प स्कूलों को अस्थायी रूप से बंद करना होगा जबकि COVID-19 पर अधिक शोध किया जा रहा है!,school_closures,FAVOR,"1.  The tweet explicitly expresses opinion about the target, a part of the target, or an aspect of the target.",neg,1237493652353662976
84,"क्या यह अजीब नहीं है कि जिन लोगों के पब्लिक स्कूलों में बच्चे नहीं हैं, वे सभी चाहते हैं कि स्कूल खुल जाएं? यह पुरुषों की तरह महिलाओं को बता रहा है कि उनके शरीर के साथ क्या करना है। जो कोई भी स्कूल खोलने पर जोर दे रहा है उसे एक सप्ताह बिताने की जरूरत है उसके बच्चों को। गुड लक #IfSchoolsReopenNow",school_closures,FAVOR,"1.  The tweet explicitly expresses opinion about the target, a part of the target, or an aspect of the target.",neg,1285679586085343234
85,स्कूल जल्दी खुले तो शिक्षकों की हो जाएगी मौत! शुभ रात्रि। #ReOpenOurSchools #SchoolReopening,school_closures,FAVOR,"1.  The tweet explicitly expresses opinion about the target, a part of the target, or an aspect of the target.",neg,1284362658746109952
86,"हर दिन माता-पिता अपने बच्चों को यह समझते हुए स्कूलों में भेजने का विकल्प चुनते हैं कि जोखिम हैं, चाहे वह शूटिंग के लिए धमकाना हो। माई सन्स स्कूल को पिछले साल 4 बार बंद किया गया, 3 बंदूकें, 1 बम की धमकी। स्कूल कुछ समय के लिए सुरक्षित नहीं रहे हैं। यह केवल एक और बात पर विचार करने के लिए है।",school_closures,FAVOR,"1.  The tweet explicitly expresses opinion about the target, a part of the target, or an aspect of the target.",neg,1283840057992810496
87,"मुझे घर पर रहने और फिर भी काम करने का सौभाग्य मिला है, जिससे मेरे बच्चे सुरक्षित रह सकते हैं। ज्यादातर लोग इतने भाग्यशाली नहीं होते हैं। हमें उन कर्मचारियों के लिए स्कूल बंद और राहत चाहिए जो बच्चों के साथ घर पर नहीं रह सकते। अर्थव्यवस्था अनिवार्य मास्क और चपटे वक्र के साथ लौटती है, न कि इसके विपरीत।",school_closures,FAVOR,"1.  The tweet explicitly expresses opinion about the target, a part of the target, or an aspect of the target.",other,1283832301764448258
88,"@Acosta @PressSec
1. वास्तविक विज्ञान पढ़ें।
2. और अन्य देश स्कूलों को फिर से खोल सकते हैं क्योंकि उन्होंने कड़ी मेहनत की: शटडाउन, मास्क, टेस्ट, ट्रेसिंग और आइसोलेटिंग। हमने नहीं किया।
3. इज़राइल को देखें। वे अब स्कूलों को बंद कर रहे हैं।

ट्रम्प के अभियान पर बच्चे, कृपया।",school_closures,FAVOR,"1.  The tweet explicitly expresses opinion about the target, a part of the target, or an aspect of the target.",neg,1283847031912566784
89,@टेरेसा_चैपल स्कूलों को फिर से खोलने के लिए नहीं।,school_closures,FAVOR,"1.  The tweet explicitly expresses opinion about the target, a part of the target, or an aspect of the target.",other,1287406415821320193
90,"मैंने अभी-अभी रेडियो पर सुना, कि अगर कोविड-19 के मामले की पुष्टि होती है तो एसए एक स्कूल को बंद कर देगा। क्या यह घोड़े के बोल्ट लगाने के बाद फाटक बंद करने जैसा नहीं है ???",school_closures,FAVOR,"1.  The tweet explicitly expresses opinion about the target, a part of the target, or an aspect of the target.",neg,1239759351666978821
91,"सार्वजनिक कार्यक्रमों और सामाजिक समारोहों को रद्द करना...अद्भुत! लेकिन स्कूल अभी भी 100 लोगों के लिए दिन में 6 घंटे, सप्ताह में 5 दिन के लिए खुले हैं। मैं कोई विशेषज्ञ नहीं हूं लेकिन...#कोरोनावायरस #कोविड19 #कोरोनावायरसुक",school_closures,FAVOR,"1.  The tweet explicitly expresses opinion about the target, a part of the target, or an aspect of the target.",neg,1236792395351625730
92,"मान लीजिए कोई छात्र Covid19 को अनुबंधित करता है, तो क्या पूरा स्कूल बंद कर दिया जाएगा और 14 दिनों के लिए क्वारंटीन कर दिया जाएगा? क्या शिक्षकों को अपने बच्चों के स्कूल को सूचित करना होगा क्योंकि उनके बच्चे दूसरे जिले के छात्र हैं। क्या उनके बच्चों का स्कूल बंद करना पड़ेगा? यह गड़बड़ हो जाएगा।",school_closures,FAVOR,"1.  The tweet explicitly expresses opinion about the target, a part of the target, or an aspect of the target.",neg,1283830998296408072
93,"@SatterleyAndrew @GOP @realDonaldTrump योजना यह है .... कि कोई मार्गदर्शन न होने के कारण, इसका पता लगाने के लिए इसे स्कूलों तक छोड़ दिया जाए, जिससे उन्हें अपराध-बोध से मुक्त महसूस हो। जैसे फ्लोरिडा, जॉर्जिया, टेक्सास, एरिजोना में..... कोई चिंता नहीं। #कोविडिओट्स",school_closures,FAVOR,"1.  The tweet explicitly expresses opinion about the target, a part of the target, or an aspect of the target.",neg,1286968302057803776
94,"@RiegerReport क्या आप उन लोगों पर भरोसा करना चाहते हैं जो आपके बच्चों के साथ बच्चों को स्कूलों में पिंजरे में रखते हैं? वे। अभी-अभी। करना। नहीं। देखभाल। किसी के बारे में लेकिन उनके अमीर दोस्त, जो पब्लिक स्कूलों में नहीं जाते हैं। ##नॉट माय प्रेसिडेंट",school_closures,FAVOR,"1.  The tweet explicitly expresses opinion about the target, a part of the target, or an aspect of the target.",neg,1283862106102796288
95,"राज्यपाल @GovRonDeSantis, आपके कार्यालय क्यों नहीं खुले हैं? अगर आप चाहते हैं कि एक महीने में सभी स्कूल खुल जाएं तो आज ही अपने ऑफिस खोल लें। #COVID-19",school_closures,FAVOR,"1.  The tweet explicitly expresses opinion about the target, a part of the target, or an aspect of the target.",neg,1281534785794572289
96,"मुझे पता है कि मेरे पास शून्य अनुयायी हैं, लेकिन मुझे आज अपना शिक्षण कार्य छोड़ना पड़ा क्योंकि इतने सारे #COVIDIOTS को लगता है कि यह एक धोखा है और मेरा स्कूल पूरी तरह से आगे बढ़ रहा है और बिना फेस मास्क के आमने-सामने खुल रहा है। मेरा सबकुछ उजड़ गया। मुझे अपनी नौकरी से प्यार था।",school_closures,FAVOR,"1.  The tweet explicitly expresses opinion about the target, a part of the target, or an aspect of the target.",neg,1287813610090237952
97,"स्कॉटलैंड और वेल्स में शुक्रवार से स्कूल बंद हो रहे हैं। जबकि इंग्लैंड में अभी भी स्कूल खुले हैं।

हमें अपने सभी बच्चों को इस घातक कोरोनावायरस से सुरक्षित रखने की आवश्यकता है।

स्कूलों को खुला रखने वाला इंग्लैंड यूरोप का एकमात्र देश होगा।
#covid19UK
#कोरोना वाइरस",school_closures,FAVOR,"1.  The tweet explicitly expresses opinion about the target, a part of the target, or an aspect of the target.",other,1240308142887469056
98,"जब तक माता-पिता अपने बच्चों को एक महामारी के दौरान सुरक्षित नहीं रखना चाहते हैं और सरकारी अधिकारी हमसे स्कूलों को फिर से खोलने की मांग करते हैं, तब तक हर कोई ""प्रो-लाइफ"" है। मुझे बताओ, क्या यह COVID-19 के लिए बच्चों की बलि देना ""सामान्य स्थिति में वापसी"" है? अपना कोई नहीं, पर...",school_closures,FAVOR,"1.  The tweet explicitly expresses opinion about the target, a part of the target, or an aspect of the target.",neg,1283835384233893889
99,ऑनलाइन शिक्षण भी एक सेवा है और शिक्षकों को भुगतान करने की आवश्यकता है। स्कूलों को जीवित रहने की जरूरत है।,school_closures,FAVOR,"1.  The tweet explicitly expresses opinion about the target, a part of the target, or an aspect of the target.",pos,1287331585692299264
100,@GovParsonMO स्कूल मत खोलो !! कुछ सही करो। कृपया! #missouri #kcmo @MayorLucasKC मदद।,school_closures,FAVOR,"1.  The tweet explicitly expresses opinion about the target, a part of the target, or an aspect of the target.",pos,1285942893006462978
101,"धन्यवाद बिल, आप #कोरोनावायरस की इस कमबख्त आपदा के दौरान, हमारे स्कूल को खुला रखना पसंद करते हैं।

#CLOSENYCPUBLICSस्कूल बंद करें",school_closures,FAVOR,"1.  The tweet explicitly expresses opinion about the target, a part of the target, or an aspect of the target.",neg,1238591330252738561
102,शिक्षक हमारे स्कूलों को छात्रों के घर ले जा रहे हैं।,school_closures,FAVOR,"1.  The tweet explicitly expresses opinion about the target, a part of the target, or an aspect of the target.",pos,1287331827011575808
103,"@MiamiSup मैं एक माता-पिता और करदाता हूं और मेरे कर डॉलर कैसे खर्च किए जाते हैं, इस विकल्प की अपेक्षा करता हूं। मैं व्यक्तिगत रूप से सीखने के विकल्प की अपेक्षा करता हूं, विशेष रूप से सीडीसी निदेशकों द्वारा सभी स्कूलों को खोलने की सिफारिश के बाद।",school_closures,AGAINST,"1.  The tweet explicitly expresses opinion about the target, a part of the target, or an aspect of the target.",neg,1286449892383174657
104,"चूंकि COVID-19 का जोखिम कम और कम होता जा रहा है, स्कूल को उचित SOP के साथ फिर से खोलना चाहिए।",school_closures,AGAINST,"1.  The tweet explicitly expresses opinion about the target, a part of the target, or an aspect of the target.",pos,1284808491765555204
105,"संसद बंद है और स्कूल खुले हैं इसका कारण यह है कि यह कोविड-19 वायरस युवा लोगों की तुलना में बूढ़े लोगों को मारता है, इसलिए मुझे इस तर्क के पीछे तर्क नहीं मिलता है कि बच्चों को घर पर रहना चाहिए क्योंकि संसद बंद है, बच्चों को स्कूल जाना चाहिए .",school_closures,AGAINST,"1.  The tweet explicitly expresses opinion about the target, a part of the target, or an aspect of the target.",neg,1283326464323211268
106,परीक्षा की इस घड़ी में गुजरात सरकार को उन स्कूलों का समर्थन करना चाहिए जो स्कूल जाने वाले बच्चों के जीवन में सामान्य स्थिति लाने के नए तरीके खोज रहे हैं।,school_closures,AGAINST,"1.  The tweet explicitly expresses opinion about the target, a part of the target, or an aspect of the target.",pos,1287335882647887872
107,@EricMMatheny किसी भी दिन साधारण सावधानियां संक्रमण को फैलने से रोकती हैं :mask::sneezing_face::wastebasket::open_hands::face_with_thermometer::house_with_garden: हमारी उपयोगिताओं में $100 से अधिक की वृद्धि हुई है। 1/एम में। लगता है कि हम सभी #COVIDー19 मुफ्त भोजन/सेवाओं के लिए भुगतान कर रहे हैं; बेदखली अधिस्थगन / रुकी हुई उपयोगिता शटऑफ़ #स्वास्थ्य देखभाल कार्यकर्ता #OpenAmericaNOW,school_closures,AGAINST,"1.  The tweet explicitly expresses opinion about the target, a part of the target, or an aspect of the target.",neg,1285172186421121030
108,"पब्लिक स्कूलों और डेकेयर में क्या अंतर है?

शिक्षक संघ।

हमारे बच्चों को स्कूल वापस लाओ!

#notmykid",school_closures,AGAINST,"1.  The tweet explicitly expresses opinion about the target, a part of the target, or an aspect of the target.",neg,1283853234864619522
109,"शिक्षा विभाग यह भूल गया है कि कैसे मैट्रिक में अच्छा प्रदर्शन नहीं करने के कारण हमने आत्महत्या के माध्यम से शिक्षार्थियों को खो दिया है। इस तनावपूर्ण समय में कोई कैसे ध्यान केंद्रित करता है और अच्छा प्रदर्शन करता है जब स्कूल एक सप्ताह बंद रहते हैं और अगले सप्ताह बंद रहते हैं, और आपके शिक्षक परीक्षण करते हैं +",school_closures,AGAINST,"1.  The tweet explicitly expresses opinion about the target, a part of the target, or an aspect of the target.",neg,1283337726495019008
110,"अगर किराना स्टोर खुल सकते हैं और लोग वहां काम करते हुए अपनी जान जोखिम में डाल सकते हैं, तो स्कूल और शिक्षक भी ऐसा कर सकते हैं।",school_closures,AGAINST,"1.  The tweet explicitly expresses opinion about the target, a part of the target, or an aspect of the target.",neg,1284225703429525504
111,"मैं अपने कैंपस में वापस जाना चाहता हूं और छात्रावास में रहना चाहता हूं, केवल मैं वास्तव में चाहता हूं कि लोग मास्क पहनें या यदि वे ऐसा नहीं कर सकते हैं तो घर पर रहें।",school_closures,AGAINST,"1.  The tweet explicitly expresses opinion about the target, a part of the target, or an aspect of the target.",pos,1283818305363628032
112,"@EducateCT @GovNedLamont @teachcardona जब संभव हो तो परीक्षण, मास्क और बाहरी गतिविधियों का संयोजन मदद कर सकता है। आइए 5 दिनों के लिए व्यक्तिगत कक्षाओं में अपने स्कूल खोलें।",school_closures,AGAINST,"1.  The tweet explicitly expresses opinion about the target, a part of the target, or an aspect of the target.",pos,1286757972920741889
113,"@realDonaldTrump वे अपनी ओर से राजनीतिक लाभ के लिए स्कूलों का उपयोग कर रहे हैं। उन्हें लगता है कि अगर स्कूल नहीं खुलते हैं तो यह ""ट्रम्प की गलती"" होगी इसलिए चुनाव को अपने पक्ष में कर रहे हैं। वे अर्थव्यवस्था को खुला भी नहीं देखना चाहते।",school_closures,AGAINST,"1.  The tweet explicitly expresses opinion about the target, a part of the target, or an aspect of the target.",neg,1280893432030826503
114,"पीएम मोदी, #DigitalIndia के विचार का कोई मतलब नहीं है जब आप विभिन्न पृष्ठभूमि के सभी बच्चों के लिए इसका उपयोग करने के बजाय स्कूलों को डिजिटल शिक्षा के संचालन और उपयोग करने से रोकते हैं। #SaveOurSchools",school_closures,AGAINST,2. The tweet does NOT expresses opinion about the target but it HAS opinion about something or someone other than the target.,pos,1287362042719088641
115,"स्कूली शिक्षा प्रणाली को मजबूत करें, इसे तोड़ें नहीं... शिक्षक मायने रखते हैं! छात्र मायने रखता है! स्कूल मंच प्रदान करते हैं: folded_hands_light_skin_tone:",school_closures,AGAINST,"1.  The tweet explicitly expresses opinion about the target, a part of the target, or an aspect of the target.",pos,1287317892170539008
116,@GovStitt अगर स्कूल नहीं खुलते हैं तो शिक्षकों को वेतन नहीं मिलना चाहिए! मांगों और बकवास को रोकने की जरूरत है!,school_closures,AGAINST,"1.  The tweet explicitly expresses opinion about the target, a part of the target, or an aspect of the target.",neg,1284168493437538304
117,"@CNN शिक्षक अकेले नहीं हैं।

करीबी वातावरण में काम करने पर सभी लोगों, सभी उद्योगों में ज्ञात भेद्यताओं के साथ और बिना जोखिम वाले जोखिम होते हैं

शिक्षकों के लिए कोई बहाना नहीं

चूंकि किड्स को शायद ही कभी #COVID19 मिलता है या छूटता है, उन्हें #स्कूल में वापस लाएं।

#CNN #MAGA2020 #FakeNewsCNN",school_closures,AGAINST,"1.  The tweet explicitly expresses opinion about the target, a part of the target, or an aspect of the target.",neg,1282683720403689474
118,"@ZacBissonnette वह वीडियो, मेरे भगवान। मैं अगले व्यक्ति की तरह प्रगतिशील हूं और मुझे उम्मीद है कि ट्रम्प हार जाएंगे, लेकिन मुझे आखिरी बार याद नहीं आया कि मैंने इस तरह के निंदक, डरपोक प्रचार का टुकड़ा देखा था। स्कूलों को बंद रखना हमारे सबसे कमजोर बच्चों के लिए विनाशकारी होगा।",school_closures,AGAINST,"1.  The tweet explicitly expresses opinion about the target, a part of the target, or an aspect of the target.",neg,1283830413811765259
119,@DailyCaller @realDonaldTrump माता-पिता चाहते हैं कि स्कूल खुलें! पहले से ही भरे हुए निजी स्कूलों में बच्चों को प्रवेश दिलाने की होड़ मची हुई है।,school_closures,AGAINST,"1.  The tweet explicitly expresses opinion about the target, a part of the target, or an aspect of the target.",pos,1281789659983609858
120,@sxdoc वे ऑनलाइन बीएस पर जोर दे रहे हैं। पर्याप्त! बच्चों को स्कूल वापस जाने की जरूरत है - कोई मास्क नहीं - अपने साथियों के साथ बातचीत करें और एक शिक्षक के साथ सीखने पर स्कूल में हाथ बँटाएँ। माता-पिता को अपने परिवारों का समर्थन करने के लिए काम पर वापस जाने की जरूरत है! यह पूर्ण पागलपन है! #वेकअपअमेरिका,school_closures,AGAINST,"1.  The tweet explicitly expresses opinion about the target, a part of the target, or an aspect of the target.",neg,1282852407970586624
121,परीक्षा की इस घड़ी में गुजरात सरकार को उन स्कूलों का समर्थन करना चाहिए जो स्कूल जाने वाले बच्चों के जीवन में सामान्य स्थिति लाने के नए तरीके खोज रहे हैं। #SaveOurSchools #mychildmychoice @PMOIndia @narendramodi @imBhupendrasinh @vijayrupanibjp @CMOGuj,school_closures,AGAINST,2. The tweet does NOT expresses opinion about the target but it HAS opinion about something or someone other than the target.,pos,1287374269236703232
122,"9000 सीवी की मृत्यु 55 वर्ष से कम है। 90% -95% में पहले से मौजूद स्थितियां हैं। हम जानते हैं कि कौन असुरक्षित है और किसे सुरक्षित रखना है।
जवाब- सबको बंद कर दो।

बच्चे बीमार नहीं पड़ते या कोविड से मरते नहीं हैं। वे वायरस भी प्रसारित नहीं करते हैं।
जवाब- मास्क और स्कूल बंद करो

#एंडलॉकडाउन।",school_closures,AGAINST,"1.  The tweet explicitly expresses opinion about the target, a part of the target, or an aspect of the target.",neg,1282860843630239744
123,"@DoctorYasmin @NBCDFW बच्चों को शायद ही कभी गंभीर COVID-19 बीमारी होती है।
कम से कम 40% शहरी बच्चे ऑनलाइन स्कूलों में प्रवेश नहीं कर रहे हैं।
शिक्षा का एक और साल नहीं हो सकता, बचपन में बढ़ती निरक्षरता, अवसाद और आत्महत्या।",school_closures,AGAINST,"1.  The tweet explicitly expresses opinion about the target, a part of the target, or an aspect of the target.",neg,1282521189668106240
124,स्कूलों को बंद करने से हम शिक्षकों के लिए नो वर्क नो पे का संकट खड़ा हो सकता है,school_closures,AGAINST,"1.  The tweet explicitly expresses opinion about the target, a part of the target, or an aspect of the target.",neg,1283392961259155456
125,स्कूलों को आगे बढ़ने दें ताकि बच्चे मजबूत हों,school_closures,AGAINST,"1.  The tweet explicitly expresses opinion about the target, a part of the target, or an aspect of the target.",pos,1283319358845067266
126,"@MsPicklesP @fabricationista @thehill प्रतिदिन SWFL में अधिक से अधिक #NY प्लेट्स देख रहे हैं, लेकिन जब तक वे अपनी #लोकतांत्रिक और #उदारवादी विचारधारा को दूर रखते हैं, यह सब अच्छा है! :pray::flag_for_United_States::statue_of_liberty::family_man_women_girl_girl::cop: #Florida #Veteran #healthcareworkers #VoteRed #VoteRedToSaveAmerica #VoteRedToSaveFreedom #OpenAmerica",school_closures,AGAINST,2. The tweet does NOT expresses opinion about the target but it HAS opinion about something or someone other than the target.,neg,1285578336773832704
127,@ GTnate56 अच्छा सवाल है। शायद जल्द ही स्कूल खुलेंगे। हमें अपनी आवाज सुननी चाहिए। यह चुप रहने का समय नहीं है।,school_closures,AGAINST,"1.  The tweet explicitly expresses opinion about the target, a part of the target, or an aspect of the target.",neg,1285337674950246402
128,आप बिना मास्क पहने पब्लिक स्कूल में जाते-जाते बच गए। आपका बच्चा भी होगा। #नोमास्क,school_closures,AGAINST,"1.  The tweet explicitly expresses opinion about the target, a part of the target, or an aspect of the target.",pos,1285027804078317568
129,BREAKING हाउस हर एक K-2nd ग्रेडर के लिए विशाल प्लास्टिक बबल्स को फंड करने के लिए बिल पास करता है क्योंकि यह सुनिश्चित करने का एकमात्र तरीका है कि वे कक्षा में 6 फीट अलग हैं। #कोविडिओट्स #cdc,school_closures,AGAINST,"1.  The tweet explicitly expresses opinion about the target, a part of the target, or an aspect of the target.",neg,1286462777251561473
130,"@rezaaslan यह एक पक्षपातपूर्ण मुद्दा नहीं होना चाहिए... हमारे बच्चों के भविष्य को पहले रखने का समय है... फ्लू हमारे बच्चों के लिए COVID की तुलना में कहीं अधिक खतरनाक है, अध्ययनों से पता चला है कि वे वायरस और शेष यूरोप के न्यूनतम प्रसारक हैं बिना किसी परेशानी के स्कूल खोल दिए हैं। #चपटाडर",school_closures,AGAINST,"1.  The tweet explicitly expresses opinion about the target, a part of the target, or an aspect of the target.",pos,1280891201747423238
131,"स्कूलों को बंद रखना उन सभी कामकाजी माताओं के लिए बड़ी चुनौती है, जिन्हें अब होमस्कूलिंग करनी है

मुझे लगा कि वामपंथी महिला के पक्ष में हैं?
@TheDemocrats ने ऐसा नहीं सोचा था।",school_closures,AGAINST,"1.  The tweet explicitly expresses opinion about the target, a part of the target, or an aspect of the target.",neg,1280855319317549057
132,"मुझे समझ नहीं आता कि #शिक्षक वापस #स्कूल जाने से इतने हिचकते क्यों हैं। महामारी की शुरुआत के बाद से, हम में से कई सुरक्षित रूप से काम कर रहे हैं, बिना किसी समस्या के कई लोगों के संपर्क में आ रहे हैं। यह कपड़े पहनने और काम पर वापस जाने का समय है!
#COVID-19",school_closures,AGAINST,"1.  The tweet explicitly expresses opinion about the target, a part of the target, or an aspect of the target.",other,1282980016180142085
133,"अगर शिक्षक जरूरी हैं तो काम पर लौटें और अपना काम करें। यदि वे आवश्यक नहीं हैं तो ठीक है। स्कूल बंद करो, बच्चों को पैसे दो, और माता-पिता को अपने बच्चों को शिक्षित करने दो। आप काम पर जाने से इंकार नहीं कर सकते लेकिन फिर भी आपको भुगतान मिलता है।",school_closures,AGAINST,"1.  The tweet explicitly expresses opinion about the target, a part of the target, or an aspect of the target.",neg,1286475669376040961
134,"@burpytrolls मुझे या तो, फौसी, बाल रोग विशेषज्ञों का बहुमत कहता है कि उन्हें खोलो, वे डेकेयर, शिविरों, मनोरंजन पार्कों में जा सकते हैं, लेकिन स्कूलों में नहीं, क्योंकि ट्रम्प ने यह कहा है ... wtf ...",school_closures,AGAINST,"1.  The tweet explicitly expresses opinion about the target, a part of the target, or an aspect of the target.",neg,1285061477876019200
135,शून्य विज्ञान है जो इंगित करता है कि स्कूलों को फिर से खोलना सुरक्षित नहीं है।,school_closures,AGAINST,"1.  The tweet explicitly expresses opinion about the target, a part of the target, or an aspect of the target.",neg,1283813225549660161
136,ओपन #टेक्सास #स्कूल हमारे बच्चों के लिए बहुत जरूरी है !!,school_closures,AGAINST,"1.  The tweet explicitly expresses opinion about the target, a part of the target, or an aspect of the target.",other,1283842304466395137
137,"अगर #महामारी के दौरान #डेकेयर सेंटर खुल सकते हैं, तो #स्कूल क्यों नहीं हो सकते मेरा 2yo साल भर से डेकेयर में जा रहा है, वह कभी नहीं रुका। बच्चों या शिक्षकों में कोई बीमारी नहीं। तो स्कूल क्यों नहीं?!?",school_closures,AGAINST,"1.  The tweet explicitly expresses opinion about the target, a part of the target, or an aspect of the target.",neg,1286077254674665479
138,@GovMurphy आपके लॉक डाउन राजनीति के बारे में हैं। वक्र को समतल करने के लिए हम सभी ने बलिदान दिया। अब एनजे खोलो। अगर मास्क काम करता है या 6 फीट की दूरी काम करती है तो एनजे स्कूल खोल सकता है - ठीक है। या यहाँ एक और विचार है।,school_closures,AGAINST,"1.  The tweet explicitly expresses opinion about the target, a part of the target, or an aspect of the target.",neg,1287796884007006209
139,@CoachStokowski कारण 912 हमें स्कूल खोलना चाहिए और खेल खेलना चाहिए। और क्या कहने की जरूरत है।,school_closures,AGAINST,"1.  The tweet explicitly expresses opinion about the target, a part of the target, or an aspect of the target.",pos,1281748359905251333
140,"@JoeBiden नहीं, हम नहीं हैं, कई बच्चे स्कूल बंद होने के कारण पीछे छूट रहे हैं",school_closures,AGAINST,"1.  The tweet explicitly expresses opinion about the target, a part of the target, or an aspect of the target.",neg,1286820176445542402
141,"@realDonaldTrump इस पतझड़ में स्कूल खोलना चाहता है ताकि घड़ी की कल की तरह डेम्स घोषणा करें कि वे उन्हें बंद करना चाहते हैं

उम्मीद के मुताबिक

उन्हें एक जॉर्ज कॉस्टेंज़ा को खींचना चाहिए और इसके विपरीत प्रस्ताव देना चाहिए ताकि डेम्स जीओपी नीति को समाप्त कर दें",school_closures,AGAINST,"1.  The tweet explicitly expresses opinion about the target, a part of the target, or an aspect of the target.",neg,1280920503083991040
142,@ru_awake_yet वाह देखते हैं कि क्या हमारे शानदार राज्यपाल @GavinNewsom @ksbw @bayareaomms #Santaclaracountyschooldistrict #GavinNewsom मेमो प्राप्त करते हैं और बे एरिया स्कूल आदि खोलते हैं #openCAschools,school_closures,AGAINST,"1.  The tweet explicitly expresses opinion about the target, a part of the target, or an aspect of the target.",neg,1286722274515509251
143,@SNNTV @ValezkaSNN स्प्रिंग क्वार्टर चार ऑनलाइन स्कूली शिक्षा एक आपदा थी। वायरस के तथ्यों पर ध्यान दें और किसे सबसे ज्यादा खतरा है। स्कूल न जाने का जोखिम कोरोना वायरस के खतरे से कहीं अधिक है।,school_closures,AGAINST,"1.  The tweet explicitly expresses opinion about the target, a part of the target, or an aspect of the target.",neg,1283353245159550976
144,"@IOL Mmusi F%CKOFF!
कोई वायरस नहीं है! परीक्षण किसी भी वायरस के लिए परीक्षण नहीं कर रहे हैं!
#EndLockdownSA #EndLockdownNow",school_closures,AGAINST,2. The tweet does NOT expresses opinion about the target but it HAS opinion about something or someone other than the target.,neg,1284045761051860994
145,"पब्लिक्स वॉलमार्ट सीवीएस लक्ष्य जोर देकर कहता है कि आप नग्न होकर खरीदारी नहीं कर सकते। एक ""अमेरिकी"" के रूप में मेरे गरीब संवैधानिक अधिकार OMG !!!
मुझे डिक खरीदने का अधिकार है :मशरूम: आउट...मैं अपने कवर को अपना वीनर नहीं बना सकता!!!

मेरे वकील को बुला रहा है।
#WearAMaskSaveALife
#COVID-19
#फ्लोरिडाकोरोनावायरस",school_closures,NONE,2. The tweet does NOT expresses opinion about the target but it HAS opinion about something or someone other than the target.,neg,1283880813382311936
146,इस कठिन समय में सरकार निजी स्कूलों की पीड़ा को नजरअंदाज नहीं कर सकती है। हम शिक्षकों को पिछले 3 महीनों से वेतन नहीं मिला है और अगले कुछ महीनों से भी हो सकता है। कृपया स्कूल और उसके कर्मचारियों को जीवित रखने के लिए कुछ करें।,school_closures,NONE,2. The tweet does NOT expresses opinion about the target but it HAS opinion about something or someone other than the target.,neg,1287351705525342210
147,"इसे ध्यान से पढ़ने और यह देखने के बाद कि मिस्र में केवल आंशिक क्वारंटाइन था, मैं वापस लौटने वाले यात्रियों से आयोवा में फैले समुदाय के बारे में और भी अधिक आश्वस्त हूं #COVID19 #FlattenTheCurve",school_closures,NONE,2. The tweet does NOT expresses opinion about the target but it HAS opinion about something or someone other than the target.,other,1238903562719178752
148,मैं शिक्षकों का समर्थन करता हूं #Covid_19,school_closures,NONE,2. The tweet does NOT expresses opinion about the target but it HAS opinion about something or someone other than the target.,pos,1283214124776738816
149,"ऑनलाइन शिक्षा की सेवा प्रदान करने के लिए स्कूलों को शुल्क नहीं लेने के लिए कहने से पहले, गुजरात सरकार को गुजरात के सभी छात्रों के लिए मुफ्त ऑनलाइन शिक्षा की व्यवस्था करनी चाहिए थी। बहुत ही घटिया और दुखद प्रवचन",school_closures,NONE,2. The tweet does NOT expresses opinion about the target but it HAS opinion about something or someone other than the target.,other,1287345226705592320
150,"@realDonaldTrump, अमेरिका का आपका संस्करण वास्तव में बेकार है। #FailedLeadership #TrumpVirus #PortlandKidnappings #KidsInCages #BlackLivesMatter  #TrumpLiesAmericansDie #BountyGateAintGoingAway #DontDrinkBleach",school_closures,NONE,2. The tweet does NOT expresses opinion about the target but it HAS opinion about something or someone other than the target.,neg,1285939793512333318
151,@BetsyDeVosED @VP आप भयानक हैं! कृपया शिक्षा और हमारे स्कूलों से बाहर रहें।,school_closures,NONE,2. The tweet does NOT expresses opinion about the target but it HAS opinion about something or someone other than the target.,neg,1285608262503665672
152,"@ KatLaRue7 मुझे नहीं लगता कि यह एक धोखा है, लेकिन मुझे लगता है कि अब इसका राजनीतिकरण कर दिया गया है और इसे बढ़ा-चढ़ाकर पेश किया गया है। मैं सार्वजनिक रूप से मास्क और दस्ताने पहनता हूँ क्योंकि मैं इसे चुनता हूँ। वहां मौजूद सभी परस्पर विरोधी समाचारों के कारण नहीं..:kissing_heart::kissing_heart:",school_closures,NONE,2. The tweet does NOT expresses opinion about the target but it HAS opinion about something or someone other than the target.,other,1283137133868449797
153,यह वास्तव में सीट बेल्ट बांधने और स्कूलों और शिक्षकों का समर्थन करने के लिए ट्वीट स्टॉर्म के लिए तैयार होने का समय है,school_closures,NONE,2. The tweet does NOT expresses opinion about the target but it HAS opinion about something or someone other than the target.,pos,1286985175314739202
154,"#covid19 एक तरफ, यो बच्चों को चोदो",school_closures,NONE,2. The tweet does NOT expresses opinion about the target but it HAS opinion about something or someone other than the target.,neg,1283797413182836743
155,"@adarsh_lohd @minalgur @Francis_Joseph @imBhupendrasinh @CMOGuj @vijayrupanibjp भारत की शिक्षा प्रणाली में जो कुछ भी गलत हो रहा है, उसके खिलाफ एक-दूसरे का समर्थन करने और अपनी आवाज उठाने के सभी कारण। अनुचित निर्णय और परिणामों को बर्दाश्त नहीं किया जा सकता है। #राइट टू लर्न एंड टू के लिए माता-पिता, शिक्षकों, स्कूलों को एक साथ खड़ा होना होगा",school_closures,NONE,2. The tweet does NOT expresses opinion about the target but it HAS opinion about something or someone other than the target.,other,1287276681644740608
156,"इस महामारी के दौरान बच्चे खुद को दुनिया से कटा हुआ महसूस कर रहे थे और ऑनलाइन कक्षाओं ने उनके चेहरों पर खोई हुई मुस्कान वापस ला दी। स्कूलों को काम करने दो।
#SaveOurSchools @imBhupendrasinh @PMOIndia @CMOGuj #RightToTeach",school_closures,NONE,2. The tweet does NOT expresses opinion about the target but it HAS opinion about something or someone other than the target.,pos,1287348739263225860
157,"टीचर्स बहुत मेहनत करते हैं। कक्षाओं के दौरान, छात्र शिक्षक की बात सुनते हैं और वर्तमान परिदृश्य में यह शिक्षा का एक अच्छा तरीका है। हम कैसे उम्मीद कर सकते हैं कि स्कूल उन्हें बिना किसी शुल्क के भुगतान करेंगे।",school_closures,NONE,2. The tweet does NOT expresses opinion about the target but it HAS opinion about something or someone other than the target.,other,1287350451168452611
158,"@weijia 52.6M बेरोजगारी का दावा
26.8 एम अबीमाकृत
4.2 एम संक्रमण
147,000 अमेरिकी मौतें
11.3% बेरोजगारी 3.5% से ऊपर

सभी 18 सप्ताह में।
#TrumpVirus #TrumpPresser #TrumpKnewAndDidNothing",school_closures,NONE,2. The tweet does NOT expresses opinion about the target but it HAS opinion about something or someone other than the target.,neg,1286448934756528129
159,कुथिवा यह 4 सप्ताह है जो व्यावहारिक रूप से 1 सप्ताह है :खुशी::खुशी:,school_closures,NONE,"3.  The tweet is not explicitly expressing opinion. (For example, the tweet is simply giving information.)",pos,1286369987242885128
160,"@politvidchannel ट्रम्प मुद्दा है, वह हमेशा अपना सबसे बड़ा दुश्मन रहा है!
खेल में अब बहुत देर हो चुकी है, वह टोस्ट है! #DumpTrump2020 #GestapoTrump #TrumpVirus",school_closures,NONE,2. The tweet does NOT expresses opinion about the target but it HAS opinion about something or someone other than the target.,neg,1287414162361024514
161,"कृपया राजनीतिक बी/एस को एक तरफ छोड़ दें।
अगर आपके बच्चे छठी कक्षा या उससे कम उम्र के हैं, तो क्या आप उन्हें स्कूल भेजेंगे?
#वोट",school_closures,NONE,"3.  The tweet is not explicitly expressing opinion. (For example, the tweet is simply giving information.)",other,1282696979693199361
162,"@GregAbbott_TX मैंने अफवाहें सुनी हैं कि आप कल एक और लॉकडाउन की घोषणा करेंगे। टेक्सस, आप इस बारे में कैसा महसूस करेंगे? #TexasCOVID",school_closures,NONE,"3.  The tweet is not explicitly expressing opinion. (For example, the tweet is simply giving information.)",other,1283756648285208576
163,"मेरे यूएस फॉलोअर्स के लिए बस एक त्वरित अपडेट, मैं इस वसंत में सभी 50 राज्यों में रुकूंगा! कोई टिकट की जरूरत नहीं है, बस अपने हाथ मत धोओ, एक दूसरे पर खांसो, आदि! #कोविड19 #कोरोनावायरस #कोरोनावायरस प्रकोप",school_closures,NONE,"3.  The tweet is not explicitly expressing opinion. (For example, the tweet is simply giving information.)",pos,1237608990529310724
164,"@MSNBC हमारे पास स्टॉक में 3oz/80ml हैंड सैनिटाइज़र है और भेजने के लिए तैयार है।

90% शराब शुद्धता
99.9% शक्ति

#हैंडसैनिटाइजर #कोरोनावायरस #कोविड19 #हाथ धोना",school_closures,NONE,"3.  The tweet is not explicitly expressing opinion. (For example, the tweet is simply giving information.)",other,1237496650354118665
165,"@939bf4b94a6845b @dvillella @GOP @realDonaldTrump ट्रम्प उपनामों से प्यार करते हैं और चूंकि वह वायरस को किसी भी अन्य देश की तुलना में अधिक लोगों को मारने दे रहे हैं, ट्रम्प उनके नाम पर #trumpvirus के हकदार हैं
#genocidebydefault",school_closures,NONE,2. The tweet does NOT expresses opinion about the target but it HAS opinion about something or someone other than the target.,neg,1285028619924824064
166,"COVID के सकारात्मक परिणाम के आपके अस्थायी हिस्से को कैसे लिया जा रहा है जब वे वास्तव में कहते हैं कि एक अस्थायी COVID-19 नहीं होने की गारंटी नहीं देता है, इसलिए अस्थायी लेना बकवास साबित नहीं होता है। भाड़ में जाओ तुम सरकार। मेरे",school_closures,NONE,2. The tweet does NOT expresses opinion about the target but it HAS opinion about something or someone other than the target.,neg,1287255204044451846
167,"जब हम COVID-19 से निपटने के लिए एक 'वैज्ञानिक' दृष्टिकोण नहीं रखते हैं, तो हम विज्ञान को पतन में स्कूल खोलने का मार्ग कैसे दे सकते हैं? #COVID-19",school_closures,NONE,2. The tweet does NOT expresses opinion about the target but it HAS opinion about something or someone other than the target.,neg,1283069601409110017
168,"@NPR आप उन्हें फेस कवरिंग कहते हैं? मुखौटों का क्या हुआ?
या बेहतर, थूथन

जॉर्जियाई लोगों के पास सामान्य ज्ञान है और वे जानते हैं कि कब मुखौटा लगाना महत्वपूर्ण है। @GovKemp यह जानता है।

हमें @KeishaBottoms की तानाशाही कार्रवाइयों और #कोरोनावायरस शोबोट पॉलिटिक्स की जरूरत नहीं है।

और",school_closures,NONE,2. The tweet does NOT expresses opinion about the target but it HAS opinion about something or someone other than the target.,neg,1283925889567334400
169,"रुचि रखने वालों के लिए, प्रतियोगिता के बारे में अधिक जानकारी के लिए उपरोक्त लिंक के माध्यम से हमारे व्हाट्सएप समुदाय में शामिल हों।
@UnifiedCamp #छात्र #निबंध #प्रतियोगिता #onlineeducation #onlinelearning #SchoolReopening",school_closures,NONE,2. The tweet does NOT expresses opinion about the target but it HAS opinion about something or someone other than the target.,other,1285313993662398471
170,"आंतों के धैर्य की क्या कमी है @ScottMorrisonMP आपके हाथों में ऑस्ट्रेलियाई लोगों की मौतें होंगी। जब हम मृत्युलेखों के 12 पृष्ठों तक पहुँचते हैं, जैसे कि इटली कृपया कारण के लिए आईने में देखें। #lockusdown #COVID19Aus #coronavirus",school_closures,NONE,2. The tweet does NOT expresses opinion about the target but it HAS opinion about something or someone other than the target.,neg,1239111483415384064
171,"@GOP @realDonaldTrump @LizRNC व्यक्ति। महिला। आदमी। कैमरा। टीवी।

ट्रम्प इन सभी 5 के बारे में परवाह करता है, क्योंकि वे केवल वही चीज़ें हैं जो वह याद रख सकता है।

यह 4,000,000 संक्रमित और 147,000 मृत अमेरिकी हैं ट्रम्प को इसकी परवाह नहीं है। बहुत सारे शून्य। बहुत विचलित करने वाला।

#PersonWomanManCameraTv
#ट्रंप वायरस",school_closures,NONE,2. The tweet does NOT expresses opinion about the target but it HAS opinion about something or someone other than the target.,neg,1286645808608223232
172,"प्रिय सरकार, आप फीस खत्म करने के अपने विचार के साथ आगे बढ़ सकते हैं, बशर्ते आप शिक्षकों और शिक्षण संस्थानों को वेतन के रूप में पिछले साल आयकर के रूप में भुगतान की गई राशि (शिक्षकों/स्कूलों द्वारा) का 10 गुना देने के लिए तैयार हों।",school_closures,NONE,2. The tweet does NOT expresses opinion about the target but it HAS opinion about something or someone other than the target.,neg,1287365293572894720
173,"मैं पूरे दिन सिर्फ 'ली काउंटी' ट्वीट करूंगा, क्योंकि रात भर में एक मौत हुई है और रात में एक #COVID19 पॉजिटिव मरीज आया है। अभी घोषणा हुई और 7 घंटे पहले तक किसी को पता नहीं चला। #एसडब्ल्यूएफएल",school_closures,NONE,2. The tweet does NOT expresses opinion about the target but it HAS opinion about something or someone other than the target.,neg,1236277107736678401
174,अगर मंदी के कारण नौकरी छूट गई या वेतन में कटौती हुई तो क्या होगा? क्या अब भी सरकार स्कूलों को फीस न देने का निर्णय देगी ? क्या स्कूल रोबोट चलाते हैं ?? शिक्षकों को भी वेतन मिलना चाहिए ना?,school_closures,NONE,2. The tweet does NOT expresses opinion about the target but it HAS opinion about something or someone other than the target.,neg,1287324718962323461
175,अगर फीस ज्यादा है तो बिजली के बिल और गैस के बिल पर रोक लगाएं। क्या आप ऐसा कर सकते हैं? आप यह कैसे कह सकते हैं कि फीस बहुत अधिक है? अच्छी शिक्षा चाहिए तो फीस देनी होगी। इसलिए लोगों की पहली पसंद सरकारी नहीं निजी स्कूल होते हैं,school_closures,NONE,2. The tweet does NOT expresses opinion about the target but it HAS opinion about something or someone other than the target.,neg,1287325822546620416
176,कल्पना कीजिए... @BetsyDeVosED और @realDonaldTrump पब्लिक स्कूलों को धमकाने की कोशिश कर रहे हैं... उनकी फंडिंग में कटौती कर रहे हैं... क्या एक नया और डरावना खतरा है,school_closures,NONE,2. The tweet does NOT expresses opinion about the target but it HAS opinion about something or someone other than the target.,neg,1283586474152202243
177,"@GrantKelly07 अच्छा! अब रैंक और फ़ाइल मान लें, उन सड़कों पर मार्च करें और कुछ कमबख्त बूमर्स पर छींकें! #कोरोनावाइरस (कोविड-19",school_closures,NONE,2. The tweet does NOT expresses opinion about the target but it HAS opinion about something or someone other than the target.,neg,1237645407267614720
178,ओसीपीएस स्कूलों को फिर से खोलने के बारे में एक और सर्वेक्षण करने जा रहा है। नए सर्वेक्षण की भाषा *LaunchEd को प्रोत्साहित करने वाली है। @GovRonDeSantis,school_closures,NONE,"3.  The tweet is not explicitly expressing opinion. (For example, the tweet is simply giving information.)",other,1284171267193606144
179,"निजी स्कूल दक्षिण अफ्रीका में नहीं हैं?

मुझे असमानता महसूस होती है क्योंकि वे जानते हैं कि निजी क्षेत्र पर दूसरी जाति का स्वामित्व है।

मेरा दिल पब्लिक स्कूल के छात्रों के लिए रोता है: टूटा हुआ दिल: #COVID19",school_closures,NONE,2. The tweet does NOT expresses opinion about the target but it HAS opinion about something or someone other than the target.,neg,1286571056845684736
180,आज सुपरमार्केट में मैंने देखा कि लोग एक-दूसरे को गले लगाने से पहले सोशल डिस्टेंसिंग का मज़ाक बनाते हैं। यह कोई धोखा नहीं है - सभी की सुरक्षा के लिए इसे गंभीरता से लें। #COVID-19,school_closures,NONE,2. The tweet does NOT expresses opinion about the target but it HAS opinion about something or someone other than the target.,neg,1240970343839391745
181,"@maryannemarsh @AmericaNewsroom @tracegallagher @JulieBanderas @david_avella @realDonaldTrump @JoeBiden @FoxNews ""द ओनली पोल दैट मैटर्स दैट मैटर्स विल टेक → 3 नवंबर, 2020"" - #SilentMajorityRising

#itsover4democrats #democrats #wrong4America #liberals #wrong4TheWorld #Marxists #wrong4TheUniverse

#FLIPTheHouse #HoldTheSenate #4MoreYears

#ओपनअमेरिका",school_closures,NONE,2. The tweet does NOT expresses opinion about the target but it HAS opinion about something or someone other than the target.,pos,1287760883939188752
182,"उन्होंने फोर्ट वेन, इंडियाना में अगले 3 सप्ताह के लिए स्कूल रद्द कर दिया। #कोरोना वाइरस",school_closures,NONE,"3.  The tweet is not explicitly expressing opinion. (For example, the tweet is simply giving information.)",other,1238542030646792193
183,"मुझे लगता है कि हमें 99.46% जीवित रहने की दर वाले वायरस के लिए टीके की आवश्यकता नहीं है। गंभीरता से?

#NoMaskMandates
#ओपेनामेरिकानो",school_closures,NONE,2. The tweet does NOT expresses opinion about the target but it HAS opinion about something or someone other than the target.,neg,1285720973258498049
184,"अधिकांश बच्चों के लिए निरंतर सीखने के बारे में सोचने में निवेशित हैं। लेकिन ऐसा होने के लिए, स्कूलों को उचित रूप से अपने हक की वसूली करने में सक्षम होना चाहिए और अपने शिक्षकों को भुगतान करना चाहिए और कौशल विकास जारी रखने में उनकी मदद करनी चाहिए। उन्हें जारी रखने के लिए शिक्षकों की आवश्यकता है",school_closures,NONE,2. The tweet does NOT expresses opinion about the target but it HAS opinion about something or someone other than the target.,pos,1287329003884298242
185,#कोरोनावायरस महामारी के दौरान #आर्थिक पतन और #आर्थिक संकट को रोकने के लिए सरकार को बैंकों को ईएमआई को स्थगित करके और ब्याज में छूट देकर व्यवसायों की मदद करनी चाहिए। यह छोटा सा कदम दूर तक जाएगा #COVID #coronavirusinindia #Coronavid19,school_closures,NONE,2. The tweet does NOT expresses opinion about the target but it HAS opinion about something or someone other than the target.,other,1239032960919060481
186,"भारत जागो और तय करो कि तुम अपने स्कूलों के लिए क्या चाहते हो: फलो-फूलो या मरो?
गुजरात सरकार का आदेश स्कूलों को ऑनलाइन सीखने के लिए वैध शुल्क लेने से रोकना अदूरदर्शी लोकलुभावनवाद है। हमें नेतृत्व की जरूरत है, घुटने की प्रतिक्रिया की नहीं। @CMOGuj @PMOIndia @imBhupendrasinh",school_closures,NONE,2. The tweet does NOT expresses opinion about the target but it HAS opinion about something or someone other than the target.,neg,1287245704117641216
187,"अगर हम स्कूलों को बंद करने जा रहे हैं तो हमें ऐसा नहीं करना चाहिए क्योंकि #COVID19 हमें यह करना चाहिए क्योंकि स्कूल प्रणाली काम नहीं करती है, निगर स्कूल जा रहे हैं और निगर अभी भी टूटे हुए और मूर्ख हैं: खुशी:",school_closures,NONE,2. The tweet does NOT expresses opinion about the target but it HAS opinion about something or someone other than the target.,neg,1283327071041789953
188,@joshi_speaks @zoneanthony @anubha1812 स्कूल कहां से कमी पूरी करेगा? गुजरात में सभी खातों का एफआरसी द्वारा ऑडिट किया जाता है और फिर फीस को अंतिम रूप दिया जाता है। इस तरह की किसी भी आकस्मिकता को पूरा करने के लिए स्कूलों को कोई अतिरिक्त फंड नहीं दिया जाता है।,school_closures,NONE,2. The tweet does NOT expresses opinion about the target but it HAS opinion about something or someone other than the target.,other,1287373621321584641
189,@CBSLA अंत में कोई इस शिट शो का प्रभार ले रहा है !! :clap::clap::clap: #RecallGavinNewsom #Scamdemic,school_closures,NONE,2. The tweet does NOT expresses opinion about the target but it HAS opinion about something or someone other than the target.,neg,1282942829921103873
190,"क्या आपको नहीं लगता कि कोरोना वायरस के कारण कर्मचारी चयन आयोग को अपनी आगामी परीक्षाओं को स्थगित कर देना चाहिए?
#COVID-19
#postponeAllExams
#postponeSSCexams #CoronaAlert #CoronaKoDhona",school_closures,NONE,2. The tweet does NOT expresses opinion about the target but it HAS opinion about something or someone other than the target.,neg,1239030985456377856
191,आजकल स्कूलों में काम करने वाले सभी लोगों की नौकरी दांव पर है। अभिभावक मासिक फीस तक देने को तैयार नहीं हैं। वेतन कटौती जारी है। अपर्याप्त धन के कारण कई लोगों की नौकरी चली गई। शिक्षा क्षेत्र को बचाने के लिए सरकार को कुछ सख्त कार्रवाई करनी चाहिए,school_closures,NONE,2. The tweet does NOT expresses opinion about the target but it HAS opinion about something or someone other than the target.,neg,1287363892826353664
192,आश्चर्य है कि #फाइजर स्टॉक #फौसी के पास कितना है? कभी आपने सोचा है कि वह डर के स्तर को ऊंचा क्यों रखता है? उसकी पृष्ठभूमि और टीकों को देखें। यह सब समझ में आने लगता है। #FireFauciNow,school_closures,NONE,2. The tweet does NOT expresses opinion about the target but it HAS opinion about something or someone other than the target.,neg,1286284816204390400
193,"अरे @CLE_State, क्या हरलन का सिर रेत में है ??? :आँखें::आँखें: मैं अपने आप को बाहर देखूँगा:खुशी::खुशी: @CSU_President #coronavirus #CoronavirusOutbreak #ohio #schoolclosure",school_closures,NONE,2. The tweet does NOT expresses opinion about the target but it HAS opinion about something or someone other than the target.,neg,1237517706506592257
194,अपने मंच पर समूहों को विज्ञान विरोधी और वैक्स विरोधी जानकारी फैलाने की अनुमति देने के लिए फेसबुक का धन्यवाद। लब्बोलुआब यह है कि टीके काम करते हैं। अपने बच्चों को यह टीकाकरण पसंद नहीं है? यह आपका अधिकार है लेकिन दूसरों से अपने स्वार्थ के लिए अपवाद की अपेक्षा न करें।,school_closures,NONE,2. The tweet does NOT expresses opinion about the target but it HAS opinion about something or someone other than the target.,neg,1283820176580870144
195,"हम लोकतंत्र में रहते हैं तो मुट्ठी भर लोगों की बात सुनकर ही सरकार अपना फैसला क्यों ले लेती है? यह सरकार की जिम्मेदारी है कि वह निष्पक्ष रहे और हर हितधारक की बात सुने - चाहे वह माता-पिता हों, शिक्षक हों, स्कूल हों, बच्चे हों।",school_closures,NONE,2. The tweet does NOT expresses opinion about the target but it HAS opinion about something or someone other than the target.,neg,1287342966449811456
196,"काम पर किसी का बेटा वास्तव में बीमार है, वह कहती है कि यह सभी कोरोनावायरस के लक्षण हैं लेकिन क्योंकि वह बहुत बीमार हो जाता है, वह इसके बारे में कुछ नहीं कर रही है: sob:",school_closures,NONE,2. The tweet does NOT expresses opinion about the target but it HAS opinion about something or someone other than the target.,neg,1237633263985983488
197,#Lowes #HomeDepot इन लोगों को मास्क की आवश्यकता के लिए ट्रेंड करवाएं जैसा कि अन्य सभी बड़ी श्रृंखलाओं ने किया है! दबाव लागू करें!,school_closures,NONE,2. The tweet does NOT expresses opinion about the target but it HAS opinion about something or someone other than the target.,neg,1283817315583361027
198,मैनचेस्टर सिटी के डिफेंडर बेंजामिन मेंडी अपने परिवार के एक सदस्य को #कोरोनावायरस #bbcqt #Birmingham #Birminghamupdates के लक्षण प्रदर्शित करने के बाद अस्पताल में भर्ती होने के बाद एहतियात के तौर पर आत्म-पृथक हो गए हैं,school_closures,NONE,2. The tweet does NOT expresses opinion about the target but it HAS opinion about something or someone other than the target.,neg,1238351617516322816
199,"अब स्कूलों, सार्वजनिक और निजी क्षेत्रों के लिए व्यावसायिक एंटीवायरल स्वच्छता या कीटाणुशोधन सेवाएं प्रदान करना: 0738373828 (व्हाट्सएप) / 0725587611 पर संपर्क करें",school_closures,NONE,2. The tweet does NOT expresses opinion about the target but it HAS opinion about something or someone other than the target.,pos,1283466406835687427
